sourceOccurrenceId	sourceTaxonId	sourceTaxonName	sourceBodyPartId	sourceBodyPartName	sourceLifeStageId	sourceLifeStageName	sourcePhysiologicalStateId	sourcePhysiologicalStateName	interactionTypeId	interactionTypeName	targetOccurrenceId	targetTaxonId	targetTaxonName	targetBodyPartId	targetBodyPartName	targetLifeStageId	targetLifeStageName	targetPhysiologicalStateId	targetPhysiologicalStateName	habitatId	habitatName	localityId	localityName	decimalLatitude	decimalLongitude	depth	altitude	observationDateTime	referenceDoi	referenceUrl	referenceCitation	sourceTaxonKingdomName	targetTaxonKingdomName
	NCBI:txid8517	Iguana iguana							http://purl.obolibrary.org/obo/RO_0002470	eats		NCBI:txid767879	Acacia tortuosa									ISO 3166-2:CW	Curaçao					1985-07/1988-04	10.1007/BF00323497	https://link.springer.com/article/10.1007/BF00323497	van Marken Lichtenbelt, W. D. (1993). Optimal foraging of a herbivorous lizard, the green iguana in a seasonal environment. Oecologia, 95(2), 246-256.	Animalia	Plantae
	NCBI:txid8517	Iguana iguana							http://purl.obolibrary.org/obo/RO_0002470	eats		NCBI:txid43177	Bourreria succulenta									ISO 3166-2:CW	Curaçao					1985-07/1988-04	10.1007/BF00323497	https://link.springer.com/article/10.1007/BF00323498	van Marken Lichtenbelt, W. D. (1993). Optimal foraging of a herbivorous lizard, the green iguana in a seasonal environment. Oecologia, 95(2), 246-256.	Animalia	Plantae
	NCBI:txid8517	Iguana iguana							http://purl.obolibrary.org/obo/RO_0002470	eats		NCBI:txid80326	Bursera bonairensis									ISO 3166-2:CW	Curaçao					1985-07/1988-04	10.1007/BF00323497	https://link.springer.com/article/10.1007/BF00323499	van Marken Lichtenbelt, W. D. (1993). Optimal foraging of a herbivorous lizard, the green iguana in a seasonal environment. Oecologia, 95(2), 246-256.	Animalia	Plantae
	NCBI:txid8517	Iguana iguana							http://purl.obolibrary.org/obo/RO_0002470	eats		NCBI:txid321550	Caesalpinia coriaria									ISO 3166-2:CW	Curaçao					1985-07/1988-04	10.1007/BF00323497	https://link.springer.com/article/10.1007/BF00323500	van Marken Lichtenbelt, W. D. (1993). Optimal foraging of a herbivorous lizard, the green iguana in a seasonal environment. Oecologia, 95(2), 246-256.	Animalia	Plantae
	NCBI:txid8517	Iguana iguana							http://purl.obolibrary.org/obo/RO_0002470	eats		NCBI:txid202629	Capparis flexuosa									ISO 3166-2:CW	Curaçao					1985-07/1988-04	10.1007/BF00323497	https://link.springer.com/article/10.1007/BF00323501	van Marken Lichtenbelt, W. D. (1993). Optimal foraging of a herbivorous lizard, the green iguana in a seasonal environment. Oecologia, 95(2), 246-256.	Animalia	Plantae
	NCBI:txid8517	Iguana iguana							http://purl.obolibrary.org/obo/RO_0002470	eats		NCBI:txid137675	Coccoloba swartzii									ISO 3166-2:CW	Curaçao					1985-07/1988-04	10.1007/BF00323497	https://link.springer.com/article/10.1007/BF00323502	van Marken Lichtenbelt, W. D. (1993). Optimal foraging of a herbivorous lizard, the green iguana in a seasonal environment. Oecologia, 95(2), 246-256.	Animalia	Plantae
	NCBI:txid8517	Iguana iguana							http://purl.obolibrary.org/obo/RO_0002470	eats		NCBI:txid1812992	Condalia henriquezii									ISO 3166-2:CW	Curaçao					1985-07/1988-04	10.1007/BF00323497	https://link.springer.com/article/10.1007/BF00323503	van Marken Lichtenbelt, W. D. (1993). Optimal foraging of a herbivorous lizard, the green iguana in a seasonal environment. Oecologia, 95(2), 246-256.	Animalia	Plantae
	NCBI:txid8517	Iguana iguana							http://purl.obolibrary.org/obo/RO_0002470	eats		NCBI:txid222082	Cordia alba									ISO 3166-2:CW	Curaçao					1985-07/1988-04	10.1007/BF00323497	https://link.springer.com/article/10.1007/BF00323504	van Marken Lichtenbelt, W. D. (1993). Optimal foraging of a herbivorous lizard, the green iguana in a seasonal environment. Oecologia, 95(2), 246-256.	Animalia	Plantae
	NCBI:txid8517	Iguana iguana							http://purl.obolibrary.org/obo/RO_0002470	eats		NCBI:txid427802	Guapira 									ISO 3166-2:CW	Curaçao					1985-07/1988-04	10.1007/BF00323497	https://link.springer.com/article/10.1007/BF00323505	van Marken Lichtenbelt, W. D. (1993). Optimal foraging of a herbivorous lizard, the green iguana in a seasonal environment. Oecologia, 95(2), 246-256.	Animalia	Plantae
	NCBI:txid8517	Iguana iguana							http://purl.obolibrary.org/obo/RO_0002470	eats		NCBI:txid191923	Haematoxylum brasiletto									ISO 3166-2:CW	Curaçao					1985-07/1988-04	10.1007/BF00323497	https://link.springer.com/article/10.1007/BF00323506	van Marken Lichtenbelt, W. D. (1993). Optimal foraging of a herbivorous lizard, the green iguana in a seasonal environment. Oecologia, 95(2), 246-256.	Animalia	Plantae
	NCBI:txid8517	Iguana iguana							http://purl.obolibrary.org/obo/RO_0002470	eats		GBIF:2907932	Machaonia ottonis									ISO 3166-2:CW	Curaçao					1985-07/1988-04	10.1007/BF00323497	https://link.springer.com/article/10.1007/BF00323507	van Marken Lichtenbelt, W. D. (1993). Optimal foraging of a herbivorous lizard, the green iguana in a seasonal environment. Oecologia, 95(2), 246-256.	Animalia	Plantae
	NCBI:txid8517	Iguana iguana							http://purl.obolibrary.org/obo/RO_0002470	eats		NCBI:txid151847	Malpighia emarginata									ISO 3166-2:CW	Curaçao					1985-07/1988-04	10.1007/BF00323497	https://link.springer.com/article/10.1007/BF00323508	van Marken Lichtenbelt, W. D. (1993). Optimal foraging of a herbivorous lizard, the green iguana in a seasonal environment. Oecologia, 95(2), 246-256.	Animalia	Plantae
	NCBI:txid8517	Iguana iguana							http://purl.obolibrary.org/obo/RO_0002470	eats		NCBI:txid263464	Metopium brownei									ISO 3166-2:CW	Curaçao					1985-07/1988-04	10.1007/BF00323497	https://link.springer.com/article/10.1007/BF00323509	van Marken Lichtenbelt, W. D. (1993). Optimal foraging of a herbivorous lizard, the green iguana in a seasonal environment. Oecologia, 95(2), 246-256.	Animalia	Plantae
	NCBI:txid8517	Iguana iguana							http://purl.obolibrary.org/obo/RO_0002470	eats		NCBI:txid58455	Randia aculeata									ISO 3166-2:CW	Curaçao					1985-07/1988-04	10.1007/BF00323497	https://link.springer.com/article/10.1007/BF00323510	van Marken Lichtenbelt, W. D. (1993). Optimal foraging of a herbivorous lizard, the green iguana in a seasonal environment. Oecologia, 95(2), 246-256.	Animalia	Plantae
	NCBI:txid8517	Iguana iguana							http://purl.obolibrary.org/obo/RO_0002470	eats		NCBI:txid1130845	Trichilia trifolia									ISO 3166-2:CW	Curaçao					1985-07/1988-04	10.1007/BF00323497	https://link.springer.com/article/10.1007/BF00323511	van Marken Lichtenbelt, W. D. (1993). Optimal foraging of a herbivorous lizard, the green iguana in a seasonal environment. Oecologia, 95(2), 246-256.	Animalia	Plantae
	NCBI:txid8517	Iguana iguana							http://purl.obolibrary.org/obo/RO_0002470	eats		NCBI:txid84956	Antirhea acutata									ISO 3166-2:CW	Curaçao					1985-07/1988-04	10.1007/BF00323497	https://link.springer.com/article/10.1007/BF00323512	van Marken Lichtenbelt, W. D. (1993). Optimal foraging of a herbivorous lizard, the green iguana in a seasonal environment. Oecologia, 95(2), 246-256.	Animalia	Plantae
	NCBI:txid8517	Iguana iguana							http://purl.obolibrary.org/obo/RO_0002470	eats		NCBI:txid202630	Capparis odoratissima									ISO 3166-2:CW	Curaçao					1985-07/1988-04	10.1007/BF00323497	https://link.springer.com/article/10.1007/BF00323513	van Marken Lichtenbelt, W. D. (1993). Optimal foraging of a herbivorous lizard, the green iguana in a seasonal environment. Oecologia, 95(2), 246-256.	Animalia	Plantae
	NCBI:txid8517	Iguana iguana							http://purl.obolibrary.org/obo/RO_0002470	eats		NCBI:txid427801	Commicarpus scandens									ISO 3166-2:CW	Curaçao					1985-07/1988-04	10.1007/BF00323497	https://link.springer.com/article/10.1007/BF00323514	van Marken Lichtenbelt, W. D. (1993). Optimal foraging of a herbivorous lizard, the green iguana in a seasonal environment. Oecologia, 95(2), 246-256.	Animalia	Plantae
	NCBI:txid8517	Iguana iguana							http://purl.obolibrary.org/obo/RO_0002470	eats		NCBI:txid246543	Cordia curassavica									ISO 3166-2:CW	Curaçao					1985-07/1988-04	10.1007/BF00323497	https://link.springer.com/article/10.1007/BF00323515	van Marken Lichtenbelt, W. D. (1993). Optimal foraging of a herbivorous lizard, the green iguana in a seasonal environment. Oecologia, 95(2), 246-256.	Animalia	Plantae
	NCBI:txid8517	Iguana iguana							http://purl.obolibrary.org/obo/RO_0002470	eats		NCBI:txid43483	Erithalis fruticosa									ISO 3166-2:CW	Curaçao					1985-07/1988-04	10.1007/BF00323497	https://link.springer.com/article/10.1007/BF00323516	van Marken Lichtenbelt, W. D. (1993). Optimal foraging of a herbivorous lizard, the green iguana in a seasonal environment. Oecologia, 95(2), 246-256.	Animalia	Plantae
	NCBI:txid8517	Iguana iguana							http://purl.obolibrary.org/obo/RO_0002470	eats		NCBI:txid246543	Cordia curassavica									ISO 3166-2:CW	Curaçao					1985-07/1988-04	10.1007/BF00323497	https://link.springer.com/article/10.1007/BF00323517	van Marken Lichtenbelt, W. D. (1993). Optimal foraging of a herbivorous lizard, the green iguana in a seasonal environment. Oecologia, 95(2), 246-256.	Animalia	Plantae
	NCBI:txid8517	Iguana iguana							http://purl.obolibrary.org/obo/RO_0002470	eats		NCBI:txid2020600	Cephalocereus lanuginosus									ISO 3166-2:CW	Curaçao					1985-07/1988-04	10.1007/BF00323497	https://link.springer.com/article/10.1007/BF00323518	van Marken Lichtenbelt, W. D. (1993). Optimal foraging of a herbivorous lizard, the green iguana in a seasonal environment. Oecologia, 95(2), 246-256.	Animalia	Plantae
	NCBI:txid8517	Iguana iguana							http://purl.obolibrary.org/obo/RO_0002470	eats		NCBI:txid1484561	Cereus repandus									ISO 3166-2:CW	Curaçao					1985-07/1988-04	10.1007/BF00323497	https://link.springer.com/article/10.1007/BF00323519	van Marken Lichtenbelt, W. D. (1993). Optimal foraging of a herbivorous lizard, the green iguana in a seasonal environment. Oecologia, 95(2), 246-256.	Animalia	Plantae
	NCBI:txid8517	Iguana iguana							http://purl.obolibrary.org/obo/RO_0002470	eats		NCBI:txid336156	Lemaireocereus griseus									ISO 3166-2:CW	Curaçao					1985-07/1988-04	10.1007/BF00323497	https://link.springer.com/article/10.1007/BF00323520	van Marken Lichtenbelt, W. D. (1993). Optimal foraging of a herbivorous lizard, the green iguana in a seasonal environment. Oecologia, 95(2), 246-256.	Animalia	Plantae
	NCBI:txid9606	Homo sapiens							http://purl.obolibrary.org/obo/RO_0002626	kills		NCBI:txid118688	Cyclura lewisi									ISO 3166-2:KY	Cayman Islands						10.1007/978-94-011-0904-8	https://books.google.ro/books?hl=en&lr=&id=VKP6CAAAQBAJ&oi=fnd&pg=PR7&dq=The+Cayman+Islands%0ANatural+History+and+Biogeography&ots=h05YnB3ero&sig=p2yGHnixX8QPEp4hXBSL-EGQJ90&redir_esc=y#v=onepage&q=cyclura&f=false	Brunt, M. A., & Davies, J. E. (Eds.). (2012). The Cayman Islands: natural history and biogeography (Vol. 71). Springer Science & Business Media.	Animalia	Animalia
	NCBI:txid118688	Cyclura lewisi							http://purl.obolibrary.org/obo/RO_0002470	eats		NCBI:txid3649	Carica papaya	http://purl.obolibrary.org/obo/PO_0009001	fruit							ISO 3166-2:KY	Cayman Islands						10.1007/978-94-011-0904-8	https://books.google.ro/books?hl=en&lr=&id=VKP6CAAAQBAJ&oi=fnd&pg=PR7&dq=The+Cayman+Islands%0ANatural+History+and+Biogeography&ots=h05YnB3ero&sig=p2yGHnixX8QPEp4hXBSL-EGQJ90&redir_esc=y#v=onepage&q=cyclura&f=false	Brunt, M. A., & Davies, J. E. (Eds.). (2012). The Cayman Islands: natural history and biogeography (Vol. 71). Springer Science & Business Media.	Animalia	Plantae
	NCBI:txid118688	Cyclura lewisi							http://purl.obolibrary.org/obo/RO_0002470	eats		NCBI:txid29780	Mangifera indica	http://purl.obolibrary.org/obo/PO_0009001	fruit							ISO 3166-2:KY	Cayman Islands						10.1007/978-94-011-0904-8	https://books.google.ro/books?hl=en&lr=&id=VKP6CAAAQBAJ&oi=fnd&pg=PR7&dq=The+Cayman+Islands%0ANatural+History+and+Biogeography&ots=h05YnB3ero&sig=p2yGHnixX8QPEp4hXBSL-EGQJ90&redir_esc=y#v=onepage&q=cyclura&f=false	Brunt, M. A., & Davies, J. E. (Eds.). (2012). The Cayman Islands: natural history and biogeography (Vol. 71). Springer Science & Business Media.	Animalia	Plantae
	NCBI:txid2675694	Ozolaimus megatyphlon							http://purl.obolibrary.org/obo/RO_0002444	parasite of		NCBI:txid8517	Iguana iguana																10.2478/s11686-019-00144-7	https://pubmed.ncbi.nlm.nih.gov/31748867/	Kwak ML, Lee L, Okumura C, Hsu CD. (2020). First Report of Co-invasion by the Reptile Nematode Ozolaimus megatyphlon (Nematoda: Pharyngodonidae) with Invasive Green Iguanas (Iguana iguana) in the Asia-Pacific. Acta Parasitol. Mar;65(1):264-270	Animalia	Animalia
	NCBI:txid459463	Piratuba							http://purl.obolibrary.org/obo/RO_0002444	parasite of		NCBI:txid8517	Iguana iguana									ISO 3166-2:BR	Brazil						10.1590/1519-6984.17615	https://www.scielo.br/j/bjb/a/j8THXNb4QVTN4DG6SC9NbqK/?lang=en	Teles, D.A., Brito, S.V., Teixeira, A.A.M., Ribeiro, S.C., Araujo-Filho, J.A., Lima, V.F., Pereira, A.M.A. and Almeida, W.O. (2016). Nematodes associated with Iguana iguana (Linnaeus, 1758)(Squamata, Iguanidae) in semi-arid areas of northeastern Brazil. Brazilian Journal of Biology, 77, pp.514-518.	Animalia	Animalia
	NCBI:txid1712857	Atractis							http://purl.obolibrary.org/obo/RO_0002444	parasite of		NCBI:txid8517	Iguana iguana									ISO 3166-2:BR	Brazil						10.1590/1519-6984.17615	https://www.scielo.br/j/bjb/a/j8THXNb4QVTN4DG6SC9NbqK/?lang=en	Teles, D.A., Brito, S.V., Teixeira, A.A.M., Ribeiro, S.C., Araujo-Filho, J.A., Lima, V.F., Pereira, A.M.A. and Almeida, W.O. (2016). Nematodes associated with Iguana iguana (Linnaeus, 1758)(Squamata, Iguanidae) in semi-arid areas of northeastern Brazil. Brazilian Journal of Biology, 77, pp.514-518.	Animalia	Animalia
	NCBI:txid2579874	Subulura							http://purl.obolibrary.org/obo/RO_0002444	parasite of		NCBI:txid8517	Iguana iguana									ISO 3166-2:BR	Brazil						10.1590/1519-6984.17615	https://www.scielo.br/j/bjb/a/j8THXNb4QVTN4DG6SC9NbqK/?lang=en	Teles, D.A., Brito, S.V., Teixeira, A.A.M., Ribeiro, S.C., Araujo-Filho, J.A., Lima, V.F., Pereira, A.M.A. and Almeida, W.O. (2016). Nematodes associated with Iguana iguana (Linnaeus, 1758)(Squamata, Iguanidae) in semi-arid areas of northeastern Brazil. Brazilian Journal of Biology, 77, pp.514-518.	Animalia	Animalia
	NCBI:txid75558	Physaloptera 							http://purl.obolibrary.org/obo/RO_0002444	parasite of		NCBI:txid8517	Iguana iguana									ISO 3166-2:BR	Brazil						10.1590/1519-6984.17615	https://www.scielo.br/j/bjb/a/j8THXNb4QVTN4DG6SC9NbqK/?lang=en	Teles, D.A., Brito, S.V., Teixeira, A.A.M., Ribeiro, S.C., Araujo-Filho, J.A., Lima, V.F., Pereira, A.M.A. and Almeida, W.O. (2016). Nematodes associated with Iguana iguana (Linnaeus, 1758)(Squamata, Iguanidae) in semi-arid areas of northeastern Brazil. Brazilian Journal of Biology, 77, pp.514-518.	Animalia	Animalia
	NCBI:txid30392	Guira guira							http://purl.obolibrary.org/obo/RO_0002439	preys on		NCBI:txid8517	Iguana iguana									ISO 3166-2:BR	Brazil						10.1007/BF03544267	https://link.springer.com/article/10.1007/BF03544267	Coutinho, A.G., Serra, K.S., Junior, L.G.S. et al. (2014). Predation of Green Iguana (Iguana iguana) by Guira cuckoo (Guira guira) in Northeastern Brazil. Rev. Bras. Ornitol. 22, 305–306.	Animalia	Animalia
	NCBI:txid8574	Boa constrictor							http://purl.obolibrary.org/obo/RO_0002439	preys on		NCBI:txid8517	Iguana iguana									ISO 3166-2:BR	Brazil						10.31017/CdH.2018.(2018-002)	http://sedici.unlp.edu.ar/handle/10915/69988	Sanches, P.R., Santos, F.P., Gama, C.S. and Costa-Campos, C.E. (2018). Predation on Iguana iguana (Squamata: Iguanidae) by Boa constrictor (Squamata: Boidae) in a fluvial island in the Amazonas river, Brazil, including a list of saurophagy events with Boa constrictor as predator. Cuadernos de Herpetología, 32.	Animalia	Animalia
	NCBI:txid70074	Nyctotherus 							http://purl.obolibrary.org/obo/RO_0002634	endoparasite of		NCBI:txid118688	Cyclura lewisi									ISO 3166-2:KY	Cayman Islands						10.1638/2019-0038	https://bioone.org/journals/journal-of-zoo-and-wildlife-medicine/volume-50/issue-4/2019-0038/----Custom-HTML----PARASITES/10.1638/2019-0038.short	Maurer, J.K., et al., (2020). Parasites of the blue iguana (Cyclura lewisi) from Grand Cayman island. journal of zoo and wildlife medicine. 50(4): P. 947-955.	Protista	Animalia
	NCBI:txid5758	Entamoeba 							http://purl.obolibrary.org/obo/RO_0002634	endoparasite of		NCBI:txid118688	Cyclura lewisi									ISO 3166-2:KY	Cayman Islands						10.1638/2019-0038	https://bioone.org/journals/journal-of-zoo-and-wildlife-medicine/volume-50/issue-4/2019-0038/----Custom-HTML----PARASITES/10.1638/2019-0038.short	Maurer, J.K., et al., (2020). Parasites of the blue iguana (Cyclura lewisi) from Grand Cayman island. journal of zoo and wildlife medicine. 50(4): P. 947-955.	Protista	Animalia
	NCBI:txid2675694	Ozolaimus megatyphlon							http://purl.obolibrary.org/obo/RO_0002634	endoparasite of		NCBI:txid118688	Cyclura lewisi									ISO 3166-2:KY	Cayman Islands						10.1638/2019-0038	https://bioone.org/journals/journal-of-zoo-and-wildlife-medicine/volume-50/issue-4/2019-0038/----Custom-HTML----PARASITES/10.1638/2019-0038.short	Maurer, J.K., et al., (2020). Parasites of the blue iguana (Cyclura lewisi) from Grand Cayman island. journal of zoo and wildlife medicine. 50(4): P. 947-955.	Animalia	Animalia
	NCBI:txid2715832	Mesorhabditis monhystera							http://purl.obolibrary.org/obo/RO_0002634	endoparasite of		NCBI:txid118688	Cyclura lewisi									ISO 3166-2:KY	Cayman Islands						10.1638/2019-0038	https://bioone.org/journals/journal-of-zoo-and-wildlife-medicine/volume-50/issue-4/2019-0038/----Custom-HTML----PARASITES/10.1638/2019-0038.short	Maurer, J.K., et al., (2020). Parasites of the blue iguana (Cyclura lewisi) from Grand Cayman island. journal of zoo and wildlife medicine. 50(4): P. 947-955.	Animalia	Animalia
	EOL:txid46955791	Alaeuris travassosi							http://purl.obolibrary.org/obo/RO_0002634	endoparasite of		NCBI:txid118688	Cyclura lewisi									ISO 3166-2:KY	Cayman Islands						10.1638/2019-0038	https://bioone.org/journals/journal-of-zoo-and-wildlife-medicine/volume-50/issue-4/2019-0038/----Custom-HTML----PARASITES/10.1638/2019-0038.short	Maurer, J.K., et al., (2020). Parasites of the blue iguana (Cyclura lewisi) from Grand Cayman island. journal of zoo and wildlife medicine. 50(4): P. 947-955.	Animalia	Animalia
	NCBI:txid1712857	Atractis							http://purl.obolibrary.org/obo/RO_0002634	endoparasite of		NCBI:txid118688	Cyclura lewisi									ISO 3166-2:KY	Cayman Islands						10.1638/2019-0038	https://bioone.org/journals/journal-of-zoo-and-wildlife-medicine/volume-50/issue-4/2019-0038/----Custom-HTML----PARASITES/10.1638/2019-0038.short	Maurer, J.K., et al., (2020). Parasites of the blue iguana (Cyclura lewisi) from Grand Cayman island. journal of zoo and wildlife medicine. 50(4): P. 947-955.	Animalia	Animalia
	NCBI:txid1268407	Oswaldocruzia							http://purl.obolibrary.org/obo/RO_0002634	endoparasite of		NCBI:txid118688	Cyclura lewisi									ISO 3166-2:KY	Cayman Islands						10.1638/2019-0038	https://bioone.org/journals/journal-of-zoo-and-wildlife-medicine/volume-50/issue-4/2019-0038/----Custom-HTML----PARASITES/10.1638/2019-0038.short	Maurer, J.K., et al., (2020). Parasites of the blue iguana (Cyclura lewisi) from Grand Cayman island. journal of zoo and wildlife medicine. 50(4): P. 947-955.	Animalia	Animalia
	NCBI:txid56294	Nyctanassa violacea							http://purl.obolibrary.org/obo/RO_0002439	preys on		NCBI:txid8517	Iguana iguana																	https://digitalcommons.unl.edu/cgi/viewcontent.cgi?article=1023&context=icwdm_usdanwrc	Engeman, R. M., Sweet, E. M., & Smith, H. T. (2005). IGUANA IGUANA (Green Iguana). PREDATION. USDA National Wildlife Research Center-Staff Publications, 25.	Animalia	Animalia
	NCBI:txid179003	Athene cunicularia floridana							http://purl.obolibrary.org/obo/RO_0002439	preys on		NCBI:txid8517	Iguana iguana																	https://sora.unm.edu/sites/default/files/FFN_33-4p125-127McKie[1].pdf	McKie, A.C., Hammond, J.E., Smith, H.T. and Meshaka, W.E. (2005). Invasive green iguana interactions in a burrowing owl colony in Florida. Florida Field Naturalist, 33(4), pp.125-127.	Animalia	Animalia
	NCBI:txid51214	Cyclura nubila							http://purl.obolibrary.org/obo/RO_0002470	eats		NCBI:txid89656	Ipomoea pes-caprae	http://purl.obolibrary.org/obo/PO_0009046	flower							ISO 3166-2:KY	Cayman Islands						10.1007/978-94-011-0904-8	https://books.google.ro/books?hl=en&lr=&id=VKP6CAAAQBAJ&oi=fnd&pg=PR7&dq=The+Cayman+Islands%0ANatural+History+and+Biogeography&ots=h05YnB3ero&sig=p2yGHnixX8QPEp4hXBSL-EGQJ90&redir_esc=y#v=onepage&q=cyclura&f=false	Brunt, M. A., & Davies, J. E. (Eds.). (2012). The Cayman Islands: natural history and biogeography (Vol. 71). Springer Science & Business Media.	Animalia	Plantae
	NCBI:txid51214	Cyclura nubila							http://purl.obolibrary.org/obo/RO_0002470	eats		NCBI:txid163077	Cordia sebestena									ISO 3166-2:KY	Cayman Islands						10.1007/978-94-011-0904-8	https://books.google.ro/books?hl=en&lr=&id=VKP6CAAAQBAJ&oi=fnd&pg=PR7&dq=The+Cayman+Islands%0ANatural+History+and+Biogeography&ots=h05YnB3ero&sig=p2yGHnixX8QPEp4hXBSL-EGQJ90&redir_esc=y#v=onepage&q=cyclura&f=false	Brunt, M. A., & Davies, J. E. (Eds.). (2012). The Cayman Islands: natural history and biogeography (Vol. 71). Springer Science & Business Media.	Animalia	Plantae
	NCBI:txid51214	Cyclura nubila							http://purl.obolibrary.org/obo/RO_0002470	eats		NCBI:txid60367	Ernodea littoralis									ISO 3166-2:KY	Cayman Islands						10.1007/978-94-011-0904-8	https://books.google.ro/books?hl=en&lr=&id=VKP6CAAAQBAJ&oi=fnd&pg=PR7&dq=The+Cayman+Islands%0ANatural+History+and+Biogeography&ots=h05YnB3ero&sig=p2yGHnixX8QPEp4hXBSL-EGQJ90&redir_esc=y#v=onepage&q=cyclura&f=false	Brunt, M. A., & Davies, J. E. (Eds.). (2012). The Cayman Islands: natural history and biogeography (Vol. 71). Springer Science & Business Media.	Animalia	Plantae
	NCBI:txid51214	Cyclura nubila							http://purl.obolibrary.org/obo/RO_0002470	eats		NCBI:txid3649	Carica papaya	http://purl.obolibrary.org/obo/PO_0009001	fruit							ISO 3166-2:KY	Cayman Islands						10.1007/978-94-011-0904-8	https://books.google.ro/books?hl=en&lr=&id=VKP6CAAAQBAJ&oi=fnd&pg=PR7&dq=The+Cayman+Islands%0ANatural+History+and+Biogeography&ots=h05YnB3ero&sig=p2yGHnixX8QPEp4hXBSL-EGQJ90&redir_esc=y#v=onepage&q=cyclura&f=false	Brunt, M. A., & Davies, J. E. (Eds.). (2012). The Cayman Islands: natural history and biogeography (Vol. 71). Springer Science & Business Media.	Animalia	Plantae
	NCBI:txid51214	Cyclura nubila							http://purl.obolibrary.org/obo/RO_0002470	eats		NCBI:txid29780	Mangifera indica	http://purl.obolibrary.org/obo/PO_0009001	fruit							ISO 3166-2:KY	Cayman Islands						10.1007/978-94-011-0904-8	https://books.google.ro/books?hl=en&lr=&id=VKP6CAAAQBAJ&oi=fnd&pg=PR7&dq=The+Cayman+Islands%0ANatural+History+and+Biogeography&ots=h05YnB3ero&sig=p2yGHnixX8QPEp4hXBSL-EGQJ90&redir_esc=y#v=onepage&q=cyclura&f=false	Brunt, M. A., & Davies, J. E. (Eds.). (2012). The Cayman Islands: natural history and biogeography (Vol. 71). Springer Science & Business Media.	Animalia	Plantae
	NCBI:txid121298	Cubophis cantherigerus							http://purl.obolibrary.org/obo/RO_0002439	preys on		NCBI:txid51214	Cyclura nubila									ISO 3166-2:KY	Cayman Islands						10.1007/978-94-011-0904-8	https://books.google.ro/books?hl=en&lr=&id=VKP6CAAAQBAJ&oi=fnd&pg=PR7&dq=The+Cayman+Islands%0ANatural+History+and+Biogeography&ots=h05YnB3ero&sig=p2yGHnixX8QPEp4hXBSL-EGQJ90&redir_esc=y#v=onepage&q=cyclura&f=false	Brunt, M. A., & Davies, J. E. (Eds.). (2012). The Cayman Islands: natural history and biogeography (Vol. 71). Springer Science & Business Media.	Animalia	Animalia
	NCBI:txid9615	Canis familiaris							http://purl.obolibrary.org/obo/RO_0002626	kills		NCBI:txid51214	Cyclura nubila									ISO 3166-2:KY	Cayman Islands						10.1007/978-94-011-0904-8	https://books.google.ro/books?hl=en&lr=&id=VKP6CAAAQBAJ&oi=fnd&pg=PR7&dq=The+Cayman+Islands%0ANatural+History+and+Biogeography&ots=h05YnB3ero&sig=p2yGHnixX8QPEp4hXBSL-EGQJ90&redir_esc=y#v=onepage&q=cyclura&f=false	Brunt, M. A., & Davies, J. E. (Eds.). (2012). The Cayman Islands: natural history and biogeography (Vol. 71). Springer Science & Business Media.	Animalia	Animalia
	NCBI:txid9685	Felis catus							http://purl.obolibrary.org/obo/RO_0002626	kills		NCBI:txid51214	Cyclura nubila									ISO 3166-2:KY	Cayman Islands						10.1007/978-94-011-0904-8	https://books.google.ro/books?hl=en&lr=&id=VKP6CAAAQBAJ&oi=fnd&pg=PR7&dq=The+Cayman+Islands%0ANatural+History+and+Biogeography&ots=h05YnB3ero&sig=p2yGHnixX8QPEp4hXBSL-EGQJ90&redir_esc=y#v=onepage&q=cyclura&f=false	Brunt, M. A., & Davies, J. E. (Eds.). (2012). The Cayman Islands: natural history and biogeography (Vol. 71). Springer Science & Business Media.	Animalia	Animalia
	NCBI:txid9615	Canis familiaris							http://purl.obolibrary.org/obo/RO_0002626	kills		NCBI:txid118688	Cyclura lewisi									ISO 3166-2:KY	Cayman Islands						10.1007/978-94-011-0904-8	https://books.google.ro/books?hl=en&lr=&id=VKP6CAAAQBAJ&oi=fnd&pg=PR7&dq=The+Cayman+Islands%0ANatural+History+and+Biogeography&ots=h05YnB3ero&sig=p2yGHnixX8QPEp4hXBSL-EGQJ90&redir_esc=y#v=onepage&q=cyclura&f=false	Brunt, M. A., & Davies, J. E. (Eds.). (2012). The Cayman Islands: natural history and biogeography (Vol. 71). Springer Science & Business Media.	Animalia	Animalia
	NCBI:txid9685	Felis catus							http://purl.obolibrary.org/obo/RO_0002626	kills		NCBI:txid118688	Cyclura lewisi									ISO 3166-2:KY	Cayman Islands						10.1007/978-94-011-0904-8	https://books.google.ro/books?hl=en&lr=&id=VKP6CAAAQBAJ&oi=fnd&pg=PR7&dq=The+Cayman+Islands%0ANatural+History+and+Biogeography&ots=h05YnB3ero&sig=p2yGHnixX8QPEp4hXBSL-EGQJ90&redir_esc=y#v=onepage&q=cyclura&f=false	Brunt, M. A., & Davies, J. E. (Eds.). (2012). The Cayman Islands: natural history and biogeography (Vol. 71). Springer Science & Business Media.	Animalia	Animalia
	NCBI:txid9417	Artibeus jamaicensis							http://purl.obolibrary.org/obo/RO_0002470	eats		NCBI:txid3649	Carica papaya	http://purl.obolibrary.org/obo/PO_0009001	fruit							ISO 3166-2:KY	Cayman Islands						10.1007/978-94-011-0904-8	https://books.google.ro/books?hl=en&lr=&id=VKP6CAAAQBAJ&oi=fnd&pg=PR7&dq=The+Cayman+Islands%0ANatural+History+and+Biogeography&ots=h05YnB3ero&sig=p2yGHnixX8QPEp4hXBSL-EGQJ90&redir_esc=y#v=onepage&q=cyclura&f=false	Brunt, M. A., & Davies, J. E. (Eds.). (2012). The Cayman Islands: natural history and biogeography (Vol. 71). Springer Science & Business Media.	Animalia	Plantae
	NCBI:txid9417	Artibeus jamaicensis							http://purl.obolibrary.org/obo/RO_0002470	eats		NCBI:txid29780	Mangifera indica	http://purl.obolibrary.org/obo/PO_0009001	fruit							ISO 3166-2:KY	Cayman Islands						10.1007/978-94-011-0904-8	https://books.google.ro/books?hl=en&lr=&id=VKP6CAAAQBAJ&oi=fnd&pg=PR7&dq=The+Cayman+Islands%0ANatural+History+and+Biogeography&ots=h05YnB3ero&sig=p2yGHnixX8QPEp4hXBSL-EGQJ90&redir_esc=y#v=onepage&q=cyclura&f=false	Brunt, M. A., & Davies, J. E. (Eds.). (2012). The Cayman Islands: natural history and biogeography (Vol. 71). Springer Science & Business Media.	Animalia	Plantae
	NCBI:txid34846	Dasyprocta punctata							http://purl.obolibrary.org/obo/RO_0002470	eats		NCBI:txid29780	Mangifera indica	http://purl.obolibrary.org/obo/PO_0009001	fruit							ISO 3166-2:KY	Grand Cayman 						10.1007/978-94-011-0904-8	https://books.google.ro/books?hl=en&lr=&id=VKP6CAAAQBAJ&oi=fnd&pg=PR7&dq=The+Cayman+Islands%0ANatural+History+and+Biogeography&ots=h05YnB3ero&sig=p2yGHnixX8QPEp4hXBSL-EGQJ90&redir_esc=y#v=onepage&q=cyclura&f=false	Brunt, M. A., & Davies, J. E. (Eds.). (2012). The Cayman Islands: natural history and biogeography (Vol. 71). Springer Science & Business Media.	Animalia	Plantae
	NCBI:txid33614	Coragyps atratus							http://purl.obolibrary.org/obo/RO_0002439	preys on		NCBI:txid8517	Iguana iguana	http://purl.obolibrary.org/obo/UBERON_0000068	egg							ISO 3166-2:PA	Panama						10.2307/2424182	https://www.jstor.org/stable/2424182	Sexton, O. J. (1975). Black vultures feeding on iguana eggs in Panama. American Midland Naturalist, 463-468.	Animalia	Animalia
	NCBI:txid8517	Iguana iguana							http://purl.obolibrary.org/obo/RO_0002470	eats		NCBI:txid40031	Rhizophora mangle									ISO 3166-2:PR	Puerto Rico						10.2984/67.2.2	https://bioone.org/journals/pacific-science/volume-67/issue-2/67.2.2/Biology-and-Impacts-of-Pacific-Island-Invasive-Species-10-Iguana/10.2984/67.2.2.short	Falcón, W., Ackerman, J. D., Recart, W., & Daehler, C. C. (2013). Biology and impacts of Pacific island invasive species. 10. Iguana iguana, the Green Iguana (Squamata: Iguanidae) 1. Pacific Science, 67(2), 157-186.	Animalia	Plantae
	NCBI:txid8517	Iguana iguana			http://purl.obolibrary.org/obo/UBERON_0034919	juvenile stage			http://purl.obolibrary.org/obo/RO_0002470	eats		NCBI:txid6993	Orthoptera									ISO 3166-2:CR	Costa Rica					1961-3/1961-4	10.2307/1932553	https://esajournals.onlinelibrary.wiley.com/doi/epdf/10.2307/1932553	Hirth, H. F. (1963). Some apects of the natural history of Iguana iguana on a tropical strand. Ecology, 44(3), 613-615.	Animalia	Animalia
	NCBI:txid8517	Iguana iguana							http://purl.obolibrary.org/obo/RO_0002470	eats		GBIF:txid4304750	Drymaeus multilineatus									ISO 3166-2:US-FL	Florida					2003-04		https://d1wqtxts1xzle7.cloudfront.net/67743284/2005_iguana_tree_snail_predation-libre.pdf?1624664806=&response-content-disposition=inline%3B+filename%3DPredation_of_a_Tree_Snail_Drymaeus_Multi.pdf&Expires=1646747788&Signature=TzMr1JpK-0Ki8hqFce~mxa2zh0BjPeNOzwD9MeRjjndnZzIoV52PZxC7sNn1QgQrv04w3hTZEXproHRsC0fMtCHLEEIMztPTK0mX2c9t9u6YGAH9YK2yZ6nbJTuGzlFQKQ1gBJimOV3FlbbXiXK2A2ujltj13O3ag2a5xz9cEdoNKiqd7oYFLww4B2JVVt7BWEL18P8EMp4czsFPFJe5QqCjubsReXGGaVYWvn-pnhfQWyIDPev6vqwBKUMYRom5qyPQD9AHybif-DdFPA6SZI~78C3m5rgJCBpSYexDq3BJGIr204z037lQ~jnIRGUVcIZJoksSz5kya~dfDV9YKA__&Key-Pair-Id=APKAJLOHF5GGSLRBV4ZA	Townsend, J. H., Slapcinsky, J., Krysko, K. L., Donlan, E. M., & Golden, E. A. (2005). Predation of a tree snail Drymaeus multilineatus (Gastropoda: Bulimulidae) by Iguana iguana (Reptilia: Iguanidae) on Key Biscayne, Florida. Southeastern Naturalist, 4(2), 361-364.	Animalia	Animalia
	NCBI:txid8517	Iguana iguana							http://purl.obolibrary.org/obo/RO_0002470	eats		NCBI:txid8782	Aves	http://purl.obolibrary.org/obo/UBERON_0000068	egg							ISO 3166-2:US-FL	Florida							http://www.stoppinginvasives.org/dotAsset/6d3c1060-971d-4e12-bf0e-9d34aefb998c.pdf	Krysko, K. L., Enge, K. M., Donlan, E. M., Seitz, J. C., & Golden, E. A. (2007). Distribution, natural history, and impacts of the introduced green iguana (Iguana iguana) in Florida. Iguana, 3(1), 2-17.	Animalia	Animalia
	NCBI:txid8517	Iguana iguana							http://purl.obolibrary.org/obo/RO_0002470	eats		NCBI:txid681445	Hamelia patens	http://purl.obolibrary.org/obo/PO_0009001	fruit							ISO 3166-2:US-FL	Florida							http://www.stoppinginvasives.org/dotAsset/6d3c1060-971d-4e12-bf0e-9d34aefb998c.pdf	Krysko, K. L., Enge, K. M., Donlan, E. M., Seitz, J. C., & Golden, E. A. (2007). Distribution, natural history, and impacts of the introduced green iguana (Iguana iguana) in Florida. Iguana, 3(1), 2-17.	Animalia	Plantae
	NCBI:txid8517	Iguana iguana							http://purl.obolibrary.org/obo/RO_0002470	eats		NCBI:txid4147	Jasminum	http://purl.obolibrary.org/obo/PO_0009001	fruit							ISO 3166-2:US-FL	Florida							http://www.stoppinginvasives.org/dotAsset/6d3c1060-971d-4e12-bf0e-9d34aefb998c.pdf	Krysko, K. L., Enge, K. M., Donlan, E. M., Seitz, J. C., & Golden, E. A. (2007). Distribution, natural history, and impacts of the introduced green iguana (Iguana iguana) in Florida. Iguana, 3(1), 2-17.	Animalia	Plantae
	NCBI:txid8517	Iguana iguana							http://purl.obolibrary.org/obo/RO_0002470	eats		NCBI:txid4147	Jasminum	http://purl.obolibrary.org/obo/PO_0025034	fleaf							ISO 3166-2:US-FL	Florida							http://www.stoppinginvasives.org/dotAsset/6d3c1060-971d-4e12-bf0e-9d34aefb998c.pdf	Krysko, K. L., Enge, K. M., Donlan, E. M., Seitz, J. C., & Golden, E. A. (2007). Distribution, natural history, and impacts of the introduced green iguana (Iguana iguana) in Florida. Iguana, 3(1), 2-17.	Animalia	Plantae
	NCBI:txid8517	Iguana iguana							http://purl.obolibrary.org/obo/RO_0002470	eats		NCBI:txid4147	Jasminum	http://purl.obolibrary.org/obo/PO_0009046	flower							ISO 3166-2:US-FL	Florida							http://www.stoppinginvasives.org/dotAsset/6d3c1060-971d-4e12-bf0e-9d34aefb998c.pdf	Krysko, K. L., Enge, K. M., Donlan, E. M., Seitz, J. C., & Golden, E. A. (2007). Distribution, natural history, and impacts of the introduced green iguana (Iguana iguana) in Florida. Iguana, 3(1), 2-17.	Animalia	Plantae
	NCBI:txid8517	Iguana iguana							http://purl.obolibrary.org/obo/RO_0002470	eats		NCBI:txid48220	Washingtonia robusta	http://purl.obolibrary.org/obo/PO_0009001	fruit							ISO 3166-2:US-FL	Florida							http://www.stoppinginvasives.org/dotAsset/6d3c1060-971d-4e12-bf0e-9d34aefb998c.pdf	Krysko, K. L., Enge, K. M., Donlan, E. M., Seitz, J. C., & Golden, E. A. (2007). Distribution, natural history, and impacts of the introduced green iguana (Iguana iguana) in Florida. Iguana, 3(1), 2-17.	Animalia	Plantae
	NCBI:txid8517	Iguana iguana							http://purl.obolibrary.org/obo/RO_0002470	eats		NCBI:txid48220	Washingtonia robusta	http://purl.obolibrary.org/obo/PO_0025034	leaf							ISO 3166-2:US-FL	Florida							https://www.dcbd.nl/sites/default/files/documents/Iguana11_3_web.pdf#page=21	Meshaka Jr, W. E., Bartlett, R. D., & Smith, H. T. (2004). Colonization success by green iguanas in Florida. Iguana, 11(3), 154-161.	Animalia	Plantae
	NCBI:txid8517	Iguana iguana							http://purl.obolibrary.org/obo/RO_0002470	eats		NCBI:txid48220	Washingtonia robusta	http://purl.obolibrary.org/obo/PO_0009046	flower							ISO 3166-2:US-FL	Florida							https://www.dcbd.nl/sites/default/files/documents/Iguana11_3_web.pdf#page=21	Meshaka Jr, W. E., Bartlett, R. D., & Smith, H. T. (2004). Colonization success by green iguanas in Florida. Iguana, 11(3), 154-161.	Animalia	Plantae
	NCBI:txid8517	Iguana iguana							http://purl.obolibrary.org/obo/RO_0002470	eats		NCBI:txid191881	Caesalpinia bonduc									ISO 3166-2:US-FL	Florida							http://www.stoppinginvasives.org/dotAsset/6d3c1060-971d-4e12-bf0e-9d34aefb998c.pdf	Krysko, K. L., Enge, K. M., Donlan, E. M., Seitz, J. C., & Golden, E. A. (2007). Distribution, natural history, and impacts of the introduced green iguana (Iguana iguana) in Florida. Iguana, 3(1), 2-17.	Animalia	Plantae
	NCBI:txid8517	Iguana iguana							http://purl.obolibrary.org/obo/RO_0002470	eats		NCBI:txid40674	Mammalia									ISO 3166-2:US-FL	Florida							http://www.stoppinginvasives.org/dotAsset/6d3c1060-971d-4e12-bf0e-9d34aefb998c.pdf	Krysko, K. L., Enge, K. M., Donlan, E. M., Seitz, J. C., & Golden, E. A. (2007). Distribution, natural history, and impacts of the introduced green iguana (Iguana iguana) in Florida. Iguana, 3(1), 2-17.	Animalia	Animalia
	NCBI:txid8517	Iguana iguana							http://purl.obolibrary.org/obo/RO_0002470	eats		NCBI:txid4147	Jasminum									ISO 3166-2:US-FL	Florida							http://www.stoppinginvasives.org/dotAsset/6d3c1060-971d-4e12-bf0e-9d34aefb998c.pdf	Krysko, K. L., Enge, K. M., Donlan, E. M., Seitz, J. C., & Golden, E. A. (2007). Distribution, natural history, and impacts of the introduced green iguana (Iguana iguana) in Florida. Iguana, 3(1), 2-17.	Animalia	Animalia
	NCBI:txid8517	Iguana iguana							http://purl.obolibrary.org/obo/RO_0002470	eats		NCBI:txid262452	Eugenia foetida									ISO 3166-2:US-FL	Florida							http://www.stoppinginvasives.org/dotAsset/6d3c1060-971d-4e12-bf0e-9d34aefb998c.pdf	Krysko, K. L., Enge, K. M., Donlan, E. M., Seitz, J. C., & Golden, E. A. (2007). Distribution, natural history, and impacts of the introduced green iguana (Iguana iguana) in Florida. Iguana, 3(1), 2-17.	Animalia	Animalia
	NCBI:txid8517	Iguana iguana							http://purl.obolibrary.org/obo/RO_0002303	has habitat		NCBI:txid463836	Ficus aurea									ISO 3166-2:US-FL	Florida							http://www.stoppinginvasives.org/dotAsset/6d3c1060-971d-4e12-bf0e-9d34aefb998c.pdf	Krysko, K. L., Enge, K. M., Donlan, E. M., Seitz, J. C., & Golden, E. A. (2007). Distribution, natural history, and impacts of the introduced green iguana (Iguana iguana) in Florida. Iguana, 3(1), 2-17.	Animalia	Animalia
	NCBI:txid9615	Canis familiaris							http://purl.obolibrary.org/obo/RO_0002439	preys on		NCBI:txid8517	Iguana iguana	http://purl.obolibrary.org/obo/UBERON_0034919	juvenile							ISO 3166-2:VE	Venezuela							http://www.stoppinginvasives.org/dotAsset/6d3c1060-971d-4e12-bf0e-9d34aefb998c.pdf	Krysko, K. L., Enge, K. M., Donlan, E. M., Seitz, J. C., & Golden, E. A. (2007). Distribution, natural history, and impacts of the introduced green iguana (Iguana iguana) in Florida. Iguana, 3(1), 2-17.	Animalia	Animalia
	NCBI:txid9685	Felis catus							http://purl.obolibrary.org/obo/RO_0002439	preys on		NCBI:txid8517	Iguana iguana	http://purl.obolibrary.org/obo/UBERON_0034919	juvenile							ISO 3166-2:VE	Venezuela							http://www.stoppinginvasives.org/dotAsset/6d3c1060-971d-4e12-bf0e-9d34aefb998c.pdf	Krysko, K. L., Enge, K. M., Donlan, E. M., Seitz, J. C., & Golden, E. A. (2007). Distribution, natural history, and impacts of the introduced green iguana (Iguana iguana) in Florida. Iguana, 3(1), 2-17.	Animalia	Animalia
	NCBI:txid8574	Boa constrictor							http://purl.obolibrary.org/obo/RO_0002439	preys on		NCBI:txid8517	Iguana iguana	http://purl.obolibrary.org/obo/UBERON_0034919	juvenile							ISO 3166-2:VE	Venezuela							http://www.stoppinginvasives.org/dotAsset/6d3c1060-971d-4e12-bf0e-9d34aefb998c.pdf	Krysko, K. L., Enge, K. M., Donlan, E. M., Seitz, J. C., & Golden, E. A. (2007). Distribution, natural history, and impacts of the introduced green iguana (Iguana iguana) in Florida. Iguana, 3(1), 2-17.	Animalia	Animalia
	NCBI:txid48399	Crocodylus acutus							http://purl.obolibrary.org/obo/RO_0002439	preys on		NCBI:txid8517	Iguana iguana	http://purl.obolibrary.org/obo/UBERON_0034919	juvenile							ISO 3166-2:VE	Venezuela							http://www.stoppinginvasives.org/dotAsset/6d3c1060-971d-4e12-bf0e-9d34aefb998c.pdf	Krysko, K. L., Enge, K. M., Donlan, E. M., Seitz, J. C., & Golden, E. A. (2007). Distribution, natural history, and impacts of the introduced green iguana (Iguana iguana) in Florida. Iguana, 3(1), 2-17.	Animalia	Animalia
	NCBI:txid8499	Caiman crocodilus							http://purl.obolibrary.org/obo/RO_0002439	preys on		NCBI:txid8517	Iguana iguana	http://purl.obolibrary.org/obo/UBERON_0034919	juvenile							ISO 3166-2:VE	Venezuela							http://www.stoppinginvasives.org/dotAsset/6d3c1060-971d-4e12-bf0e-9d34aefb998c.pdf	Krysko, K. L., Enge, K. M., Donlan, E. M., Seitz, J. C., & Golden, E. A. (2007). Distribution, natural history, and impacts of the introduced green iguana (Iguana iguana) in Florida. Iguana, 3(1), 2-17.	Animalia	Animalia
	NCBI:txid8535	Ameiva ameiva							http://purl.obolibrary.org/obo/RO_0002439	preys on		NCBI:txid8517	Iguana iguana	http://purl.obolibrary.org/obo/UBERON_0034919	juvenile							ISO 3166-2:VE	Venezuela							http://www.stoppinginvasives.org/dotAsset/6d3c1060-971d-4e12-bf0e-9d34aefb998c.pdf	Krysko, K. L., Enge, K. M., Donlan, E. M., Seitz, J. C., & Golden, E. A. (2007). Distribution, natural history, and impacts of the introduced green iguana (Iguana iguana) in Florida. Iguana, 3(1), 2-17.	Animalia	Animalia
	NCBI:txid56313	Tyto alba							http://purl.obolibrary.org/obo/RO_0002439	preys on		NCBI:txid8517	Iguana iguana	http://purl.obolibrary.org/obo/UBERON_0034919	juvenile							ISO 3166-2:VE	Venezuela							http://www.stoppinginvasives.org/dotAsset/6d3c1060-971d-4e12-bf0e-9d34aefb998c.pdf	Krysko, K. L., Enge, K. M., Donlan, E. M., Seitz, J. C., & Golden, E. A. (2007). Distribution, natural history, and impacts of the introduced green iguana (Iguana iguana) in Florida. Iguana, 3(1), 2-17.	Animalia	Animalia
	NCBI:txid218281	Buteo platypterus							http://purl.obolibrary.org/obo/RO_0002439	preys on		NCBI:txid8517	Iguana iguana	http://purl.obolibrary.org/obo/UBERON_0034919	juvenile							ISO 3166-2:VE	Venezuela							http://www.stoppinginvasives.org/dotAsset/6d3c1060-971d-4e12-bf0e-9d34aefb998c.pdf	Krysko, K. L., Enge, K. M., Donlan, E. M., Seitz, J. C., & Golden, E. A. (2007). Distribution, natural history, and impacts of the introduced green iguana (Iguana iguana) in Florida. Iguana, 3(1), 2-17.	Animalia	Animalia
	NCBI:txid192873	Elanoides forficatus							http://purl.obolibrary.org/obo/RO_0002439	preys on		NCBI:txid8517	Iguana iguana	http://purl.obolibrary.org/obo/UBERON_0034919	juvenile							ISO 3166-2:VE	Venezuela							http://www.stoppinginvasives.org/dotAsset/6d3c1060-971d-4e12-bf0e-9d34aefb998c.pdf	Krysko, K. L., Enge, K. M., Donlan, E. M., Seitz, J. C., & Golden, E. A. (2007). Distribution, natural history, and impacts of the introduced green iguana (Iguana iguana) in Florida. Iguana, 3(1), 2-17.	Animalia	Animalia
	NCBI:txid56262	Pandion haliaetus							http://purl.obolibrary.org/obo/RO_0002439	preys on		NCBI:txid8517	Iguana iguana	http://purl.obolibrary.org/obo/UBERON_0034919	juvenile							ISO 3166-2:VE	Venezuela							http://www.stoppinginvasives.org/dotAsset/6d3c1060-971d-4e12-bf0e-9d34aefb998c.pdf	Krysko, K. L., Enge, K. M., Donlan, E. M., Seitz, J. C., & Golden, E. A. (2007). Distribution, natural history, and impacts of the introduced green iguana (Iguana iguana) in Florida. Iguana, 3(1), 2-17.	Animalia	Animalia
	NCBI:txid56350	Falco sparverius							http://purl.obolibrary.org/obo/RO_0002439	preys on		NCBI:txid8517	Iguana iguana	http://purl.obolibrary.org/obo/UBERON_0034919	juvenile							ISO 3166-2:VE	Venezuela							http://www.stoppinginvasives.org/dotAsset/6d3c1060-971d-4e12-bf0e-9d34aefb998c.pdf	Krysko, K. L., Enge, K. M., Donlan, E. M., Seitz, J. C., & Golden, E. A. (2007). Distribution, natural history, and impacts of the introduced green iguana (Iguana iguana) in Florida. Iguana, 3(1), 2-17.	Animalia	Animalia
	NCBI:txid1094198	Caracara cheriway							http://purl.obolibrary.org/obo/RO_0002439	preys on		NCBI:txid8517	Iguana iguana	http://purl.obolibrary.org/obo/UBERON_0034919	juvenile							ISO 3166-2:VE	Venezuela							http://www.stoppinginvasives.org/dotAsset/6d3c1060-971d-4e12-bf0e-9d34aefb998c.pdf	Krysko, K. L., Enge, K. M., Donlan, E. M., Seitz, J. C., & Golden, E. A. (2007). Distribution, natural history, and impacts of the introduced green iguana (Iguana iguana) in Florida. Iguana, 3(1), 2-17.	Animalia	Animalia
	NCBI:txid110620	Ardea alba							http://purl.obolibrary.org/obo/RO_0002439	preys on		NCBI:txid8517	Iguana iguana	http://purl.obolibrary.org/obo/UBERON_0034919	juvenile							ISO 3166-2:VE	Venezuela							http://www.stoppinginvasives.org/dotAsset/6d3c1060-971d-4e12-bf0e-9d34aefb998c.pdf	Krysko, K. L., Enge, K. M., Donlan, E. M., Seitz, J. C., & Golden, E. A. (2007). Distribution, natural history, and impacts of the introduced green iguana (Iguana iguana) in Florida. Iguana, 3(1), 2-17.	Animalia	Animalia
	NCBI:txid103947	Crotophaga ani							http://purl.obolibrary.org/obo/RO_0002439	preys on		NCBI:txid8517	Iguana iguana	http://purl.obolibrary.org/obo/UBERON_0034919	juvenile							ISO 3166-2:VE	Venezuela							http://www.stoppinginvasives.org/dotAsset/6d3c1060-971d-4e12-bf0e-9d34aefb998c.pdf	Krysko, K. L., Enge, K. M., Donlan, E. M., Seitz, J. C., & Golden, E. A. (2007). Distribution, natural history, and impacts of the introduced green iguana (Iguana iguana) in Florida. Iguana, 3(1), 2-17.	Animalia	Animalia
	NCBI:txid179003	Athene cunicularia floridana							http://purl.obolibrary.org/obo/RO_0002439	preys on		NCBI:txid8517	Iguana iguana	http://purl.obolibrary.org/obo/UBERON_0034919	juvenile							ISO 3166-2:US-FL	Florida							https://sora.unm.edu/sites/default/files/FFN_33-4p125-127McKie[1].pdf	McKie, A. C., Hammond, J. E., Smith, H. T., & Meshaka, W. E. (2005). Invasive green iguana interactions in a burrowing owl colony in Florida. Florida Field Naturalist, 33(4), 125-127.	Animalia	Animalia
	NCBI:txid56294	Nyctanassa violacea							http://purl.obolibrary.org/obo/RO_0002439	preys on		NCBI:txid8517	Iguana iguana	http://purl.obolibrary.org/obo/UBERON_0007023	adult							ISO 3166-2:US-FL	Florida							https://digitalcommons.unl.edu/cgi/viewcontent.cgi?article=1023&context=icwdm_usdanwrc	Engeman, R. M., Sweet, E. M., & Smith, H. T. (2005). IGUANA IGUANA (Green Iguana). PREDATION. USDA National Wildlife Research Center-Staff Publications, 25.	Animalia	Animalia
	NCBI:txid39099	Pantherophis obsoletus							http://purl.obolibrary.org/obo/RO_0002439	preys on		NCBI:txid8517	Iguana iguana	http://purl.obolibrary.org/obo/UBERON_0034919	juvenile							ISO 3166-2:US-FL	Florida							http://www.stoppinginvasives.org/dotAsset/6d3c1060-971d-4e12-bf0e-9d34aefb998c.pdf	Krysko, K. L., Enge, K. M., Donlan, E. M., Seitz, J. C., & Golden, E. A. (2007). Distribution, natural history, and impacts of the introduced green iguana (Iguana iguana) in Florida. Iguana, 3(1), 2-17.	Animalia	Animalia
	NCBI:txid9615	Canis familiaris							http://purl.obolibrary.org/obo/RO_0002439	preys on		NCBI:txid8517	Iguana iguana	http://purl.obolibrary.org/obo/UBERON_0034919	juvenile							ISO 3166-2:US-FL	Florida							http://www.stoppinginvasives.org/dotAsset/6d3c1060-971d-4e12-bf0e-9d34aefb998c.pdf	Krysko, K. L., Enge, K. M., Donlan, E. M., Seitz, J. C., & Golden, E. A. (2007). Distribution, natural history, and impacts of the introduced green iguana (Iguana iguana) in Florida. Iguana, 3(1), 2-17.	Animalia	Animalia
	NCBI:txid9654	Procyon lotor							http://purl.obolibrary.org/obo/RO_0002439	preys on		NCBI:txid8517	Iguana iguana	http://purl.obolibrary.org/obo/UBERON_0000068	egg							ISO 3166-2:US-FL	Florida							http://www.stoppinginvasives.org/dotAsset/6d3c1060-971d-4e12-bf0e-9d34aefb998c.pdf	Krysko, K. L., Enge, K. M., Donlan, E. M., Seitz, J. C., & Golden, E. A. (2007). Distribution, natural history, and impacts of the introduced green iguana (Iguana iguana) in Florida. Iguana, 3(1), 2-17.	Animalia	Animalia
	NCBI:txid30552	Spilogale putorius							http://purl.obolibrary.org/obo/RO_0002439	preys on		NCBI:txid8517	Iguana iguana	http://purl.obolibrary.org/obo/UBERON_0000068	egg							ISO 3166-2:US-FL	Florida							http://www.stoppinginvasives.org/dotAsset/6d3c1060-971d-4e12-bf0e-9d34aefb998c.pdf	Krysko, K. L., Enge, K. M., Donlan, E. M., Seitz, J. C., & Golden, E. A. (2007). Distribution, natural history, and impacts of the introduced green iguana (Iguana iguana) in Florida. Iguana, 3(1), 2-17.	Animalia	Animalia
	NCBI:txid349685	Corvus ossifragus							http://purl.obolibrary.org/obo/RO_0002439	preys on		NCBI:txid8517	Iguana iguana	http://purl.obolibrary.org/obo/UBERON_0000068	egg							ISO 3166-2:US-FL	Florida							http://www.stoppinginvasives.org/dotAsset/6d3c1060-971d-4e12-bf0e-9d34aefb998c.pdf	Krysko, K. L., Enge, K. M., Donlan, E. M., Seitz, J. C., & Golden, E. A. (2007). Distribution, natural history, and impacts of the introduced green iguana (Iguana iguana) in Florida. Iguana, 3(1), 2-17.	Animalia	Animalia
	NCBI:txid33614	Coragyps atratus							http://purl.obolibrary.org/obo/RO_0002439	preys on		NCBI:txid8517	Iguana iguana	http://purl.obolibrary.org/obo/UBERON_0000068	egg							ISO 3166-2:US-FL	Florida							http://www.stoppinginvasives.org/dotAsset/6d3c1060-971d-4e12-bf0e-9d34aefb998c.pdf	Krysko, K. L., Enge, K. M., Donlan, E. M., Seitz, J. C., & Golden, E. A. (2007). Distribution, natural history, and impacts of the introduced green iguana (Iguana iguana) in Florida. Iguana, 3(1), 2-17.	Animalia	Animalia
	NCBI:txid43455	Cathartes aura							http://purl.obolibrary.org/obo/RO_0002439	preys on		NCBI:txid8517	Iguana iguana	http://purl.obolibrary.org/obo/UBERON_0000068	egg							ISO 3166-2:US-FL	Florida							http://www.stoppinginvasives.org/dotAsset/6d3c1060-971d-4e12-bf0e-9d34aefb998c.pdf	Krysko, K. L., Enge, K. M., Donlan, E. M., Seitz, J. C., & Golden, E. A. (2007). Distribution, natural history, and impacts of the introduced green iguana (Iguana iguana) in Florida. Iguana, 3(1), 2-17.	Animalia	Animalia
	NCBI:txid9823	Sus scrofa							http://purl.obolibrary.org/obo/RO_0002439	preys on		NCBI:txid8517	Iguana iguana	http://purl.obolibrary.org/obo/UBERON_0000068	egg							ISO 3166-2:US-FL	Florida							http://www.stoppinginvasives.org/dotAsset/6d3c1060-971d-4e12-bf0e-9d34aefb998c.pdf	Krysko, K. L., Enge, K. M., Donlan, E. M., Seitz, J. C., & Golden, E. A. (2007). Distribution, natural history, and impacts of the introduced green iguana (Iguana iguana) in Florida. Iguana, 3(1), 2-17.	Animalia	Animalia
	NCBI:txid9615	Canis familiaris							http://purl.obolibrary.org/obo/RO_0002439	preys on		NCBI:txid8517	Iguana iguana	http://purl.obolibrary.org/obo/UBERON_0000068	egg							ISO 3166-2:US-FL	Florida							http://www.stoppinginvasives.org/dotAsset/6d3c1060-971d-4e12-bf0e-9d34aefb998c.pdf	Krysko, K. L., Enge, K. M., Donlan, E. M., Seitz, J. C., & Golden, E. A. (2007). Distribution, natural history, and impacts of the introduced green iguana (Iguana iguana) in Florida. Iguana, 3(1), 2-17.	Animalia	Animalia
	NCBI:txid9606	Homo sapiens							http://purl.obolibrary.org/obo/RO_0002470	eats		NCBI:txid8517	Iguana iguana									ISO 3166-2:US-FL	Florida							http://www.stoppinginvasives.org/dotAsset/6d3c1060-971d-4e12-bf0e-9d34aefb998c.pdf	Krysko, K. L., Enge, K. M., Donlan, E. M., Seitz, J. C., & Golden, E. A. (2007). Distribution, natural history, and impacts of the introduced green iguana (Iguana iguana) in Florida. Iguana, 3(1), 2-17.	Animalia	Animalia
	NCBI:txid9922	Capra							http://purl.obolibrary.org/obo/RO_0002437	interacts with		NCBI:txid51191	Iguana delicatissima									ISO 3166-2:BQ	St Eustatius, Caraibe Islands							https://www.dcbd.nl/sites/default/files/documents/Iguana11_3_web.pdf#page=5	Fogarty, S. P., Zero, V. H., & Powell, R. (2004). Revisiting St. Eustatius: Estimating the Population Size of Lesser Antillean Iguanas, Iguana delicatissima. IGUANA, 139.	Animalia	Animalia
	NCBI:txid8517	Iguana iguana							http://purl.obolibrary.org/obo/RO_0002303	has habitat		NCBI:txid1735538	Scleria secans									ISO 3166-2:BQ	St Eustatius, Caraibe Islands							https://www.dcbd.nl/sites/default/files/documents/Iguana11_3_web.pdf#page=6	Fogarty, S. P., Zero, V. H., & Powell, R. (2004). Revisiting St. Eustatius: Estimating the Population Size of Lesser Antillean Iguanas, Iguana delicatissima. IGUANA, 139.	Animalia	Plantae
	NCBI:txid9615	Canis familiaris							http://purl.obolibrary.org/obo/RO_0002626	kills		NCBI:txid51191	Iguana delicatissima									ISO 3166-2:BQ	St Eustatius, Caraibe Islands							https://www.dcbd.nl/sites/default/files/documents/Iguana11_3_web.pdf#page=7	Fogarty, S. P., Zero, V. H., & Powell, R. (2004). Revisiting St. Eustatius: Estimating the Population Size of Lesser Antillean Iguanas, Iguana delicatissima. IGUANA, 139.	Animalia	Animalia
	NCBI:txid9685	Felis catus							http://purl.obolibrary.org/obo/RO_0002626	kills		NCBI:txid51191	Iguana delicatissima									ISO 3166-2:BQ	St Eustatius, Caraibe Islands							https://www.dcbd.nl/sites/default/files/documents/Iguana11_3_web.pdf#page=8	Fogarty, S. P., Zero, V. H., & Powell, R. (2004). Revisiting St. Eustatius: Estimating the Population Size of Lesser Antillean Iguanas, Iguana delicatissima. IGUANA, 139.	Animalia	Animalia
	NCBI:txid9606	Homo sapiens							http://purl.obolibrary.org/obo/RO_0002626	kills		NCBI:txid51191	Iguana delicatissima									ISO 3166-2:BQ	St Eustatius, Caraibe Islands							https://www.dcbd.nl/sites/default/files/documents/Iguana11_3_web.pdf#page=9	Fogarty, S. P., Zero, V. H., & Powell, R. (2004). Revisiting St. Eustatius: Estimating the Population Size of Lesser Antillean Iguanas, Iguana delicatissima. IGUANA, 139.	Animalia	Animalia
	NCBI:txid8517	Iguana iguana							http://purl.obolibrary.org/obo/RO_0002470	eats		NCBI:txid40031	Rhizophora mangle									ISO 3166-2:PR	Puerto Rico						10.2984/67.2.2	https://bioone.org/journals/Pacific-Science/volume-67/issue-2/67.2.2/Biology-and-Impacts-of-Pacific-Island-Invasive-Species-10-Iguana/10.2984/67.2.2.short	Falcón, W., Ackerman, J.D., Recart, W. and Daehler, C.C. (2013). Biology and impacts of Pacific island invasive species. 10. Iguana iguana, the Green Iguana (Squamata: Iguanidae) 1. Pacific Science, 67(2), pp.157-186.	Animalia	Plantae
	NCBI:txid8517	Iguana iguana							http://purl.obolibrary.org/obo/RO_0002470	eats		NCBI:txid41378	Avicennia germinans									ISO 3166-2:PR	Puerto Rico						10.1670/11-004	https://bioone.org/journals/journal-of-herpetology/volume-46/issue-2/11-004/An-Isotopic-Study-of-Diet-and-Muscles-of-the-Green/10.1670/11-004.short	Govender, Y., Muñoz, M. C., Camejo, L. R., Puente-Rolón, A. R., Cuevas, E., & Sternberg, L. (2012). An isotopic study of diet and muscles of the green iguana (Iguana iguana) in Puerto Rico. Journal of Herpetology, 46(2), 167-170.	Animalia	Plantae
	NCBI:txid8517	Iguana iguana							http://purl.obolibrary.org/obo/RO_0002470	eats		NCBI:txid169191	Schinus terebinthifolia									ISO 3166-2:PR	Puerto Rico						10.1670/11-004	https://bioone.org/journals/journal-of-herpetology/volume-46/issue-2/11-004/An-Isotopic-Study-of-Diet-and-Muscles-of-the-Green/10.1670/11-004.short	Govender, Y., Muñoz, M. C., Camejo, L. R., Puente-Rolón, A. R., Cuevas, E., & Sternberg, L. (2012). An isotopic study of diet and muscles of the green iguana (Iguana iguana) in Puerto Rico. Journal of Herpetology, 46(2), 167-170.	Animalia	Plantae
	NCBI:txid8517	Iguana iguana							http://purl.obolibrary.org/obo/RO_0002470	eats		NCBI:txid53313	Uca 									ISO 3166-2:PR	Puerto Rico						10.1670/11-004	https://bioone.org/journals/journal-of-herpetology/volume-46/issue-2/11-004/An-Isotopic-Study-of-Diet-and-Muscles-of-the-Green/10.1670/11-004.short	Govender, Y., Muñoz, M. C., Camejo, L. R., Puente-Rolón, A. R., Cuevas, E., & Sternberg, L. (2012). An isotopic study of diet and muscles of the green iguana (Iguana iguana) in Puerto Rico. Journal of Herpetology, 46(2), 167-170.	Animalia	Animalia
	NCBI:txid8517	Iguana iguana							http://purl.obolibrary.org/obo/RO_0002470	eats		NCBI:txid39993	Terminalia catappa									ISO 3166-2:PR	Puerto Rico						10.1670/11-004	https://bioone.org/journals/journal-of-herpetology/volume-46/issue-2/11-004/An-Isotopic-Study-of-Diet-and-Muscles-of-the-Green/10.1670/11-004.short	Govender, Y., Muñoz, M. C., Camejo, L. R., Puente-Rolón, A. R., Cuevas, E., & Sternberg, L. (2012). An isotopic study of diet and muscles of the green iguana (Iguana iguana) in Puerto Rico. Journal of Herpetology, 46(2), 167-170.	Animalia	Plantae
	NCBI:txid8517	Iguana iguana							http://purl.obolibrary.org/obo/RO_0002470	eats		NCBI:txid404691	Pithecellobium dulce									ISO 3166-2:PR	Puerto Rico						10.1670/11-004	https://bioone.org/journals/journal-of-herpetology/volume-46/issue-2/11-004/An-Isotopic-Study-of-Diet-and-Muscles-of-the-Green/10.1670/11-004.short	Govender, Y., Muñoz, M. C., Camejo, L. R., Puente-Rolón, A. R., Cuevas, E., & Sternberg, L. (2012). An isotopic study of diet and muscles of the green iguana (Iguana iguana) in Puerto Rico. Journal of Herpetology, 46(2), 167-170.	Animalia	Plantae
	NCBI:txid8517	Iguana iguana							http://purl.obolibrary.org/obo/RO_0002470	eats		NCBI:txid4653	Heliconia 									ISO 3166-2:PR	Puerto Rico						10.1670/11-004	https://bioone.org/journals/journal-of-herpetology/volume-46/issue-2/11-004/An-Isotopic-Study-of-Diet-and-Muscles-of-the-Green/10.1670/11-004.short	Govender, Y., Muñoz, M. C., Camejo, L. R., Puente-Rolón, A. R., Cuevas, E., & Sternberg, L. (2012). An isotopic study of diet and muscles of the green iguana (Iguana iguana) in Puerto Rico. Journal of Herpetology, 46(2), 167-170.	Animalia	Plantae
	NCBI:txid55040	Urocyon cinereoargenteus							http://purl.obolibrary.org/obo/RO_0002439	preys on		NCBI:txid8517	Iguana iguana									ISO 3166-2:US-FL	Florida							http://ksherp.com/wp-content/uploads/2019/02/JKH_23.pdf	Smith, H. T., Meshaka Jr, W. E., Busch, G. H., & Cowan, E. M. (2007). Gray fox predation of nests as a potential limiting factor in the colonization success of the green iguana in Southern Florida. Journal of Kansas Herpetology, 23, 8-9.	Animalia	Animalia
	NCBI:txid9654	Procyon lotor							http://purl.obolibrary.org/obo/RO_0002439	preys on		NCBI:txid8517	Iguana iguana									ISO 3166-2:US-FL	Florida							https://www.researchgate.net/publication/265284243	Smith, H.T., WE Meshaka JR., RM Engeman, SM Crossett, ME Foley, AND G. Busch. (2006). Raccoon predation as a potential limiting factor in the success of the Green Iguana in southern Florida. J. Kans. Herpetol, 20, pp.7-8.	Animalia	Animalia
	NCBI:txid46194	Brachylophus 							http://purl.obolibrary.org/obo/RO_0008505	creates habitat for		NCBI:txid8517	Iguana iguana																10.2984/67.2.2	https://bioone.org/journals/Pacific-Science/volume-67/issue-2/67.2.2/Biology-and-Impacts-of-Pacific-Island-Invasive-Species-10-Iguana/10.2984/67.2.2.short	Falcón, W., Ackerman, J.D., Recart, W. and Daehler, C.C. (2013). Biology and impacts of Pacific island invasive species. 10. Iguana iguana, the Green Iguana (Squamata: Iguanidae) 1. Pacific Science, 67(2), pp.157-186.	Animalia	Animalia
	NCBI:txid51191	Iguana delicatissima							http://purl.obolibrary.org/obo/RO_0008505	creates habitat for		NCBI:txid8517	Iguana iguana																10.2984/67.2.2	https://bioone.org/journals/Pacific-Science/volume-67/issue-2/67.2.2/Biology-and-Impacts-of-Pacific-Island-Invasive-Species-10-Iguana/10.2984/67.2.2.short	Falcón, W., Ackerman, J.D., Recart, W. and Daehler, C.C. (2013). Biology and impacts of Pacific island invasive species. 10. Iguana iguana, the Green Iguana (Squamata: Iguanidae) 1. Pacific Science, 67(2), pp.157-186.	Animalia	Animalia
	NCBI:txid118688	Cyclura lewisi							http://purl.obolibrary.org/obo/RO_0008505	creates habitat for		NCBI:txid8517	Iguana iguana									ISO 3166-2:KY	Cayman Islands						10.2984/67.2.2	https://bioone.org/journals/Pacific-Science/volume-67/issue-2/67.2.2/Biology-and-Impacts-of-Pacific-Island-Invasive-Species-10-Iguana/10.2984/67.2.2.short	Falcón, W., Ackerman, J.D., Recart, W. and Daehler, C.C. (2013). Biology and impacts of Pacific island invasive species. 10. Iguana iguana, the Green Iguana (Squamata: Iguanidae) 1. Pacific Science, 67(2), pp.157-186.	Animalia	Animalia
	NCBI:txid8517	Iguana iguana							http://purl.obolibrary.org/obo/RO_0002470	eats		NCBI:txid191881	Guilandina bonduc									ISO 3166-2:US-FL	Florida							https://journals.flvc.org/edis/article/download/128780/130977	Borcyk, P., Fortner, E., Claunch, N.M. and Johnson, S.A. (2021). Florida's Introduced Reptiles: Green Iguana (Iguana iguana): WEC440/UW485, 7/2021. EDIS, 2021(3), pp.8-8.	Animalia	Plantae
	NCBI:txid519491	Cyclargus thomasi bethunebakeri							http://purl.obolibrary.org/obo/RO_0008507	lays eggs on		NCBI:txid191881	Guilandina bonduc									ISO 3166-2:US-FL	Florida							https://journals.flvc.org/edis/article/download/128780/130977	Borcyk, P., Fortner, E., Claunch, N.M. and Johnson, S.A. (2021). Florida's Introduced Reptiles: Green Iguana (Iguana iguana): WEC440/UW485, 7/2021. EDIS, 2021(3), pp.8-8.	Animalia	Plantae
	NCBI:txid8517	Iguana iguana							http://purl.obolibrary.org/obo/RO_0002470	eats		NCBI:txid47605	Hibiscus									ISO 3166-2:US-FL	Florida							https://journals.flvc.org/edis/article/download/113312/108489	Kern, W.H. (2004). Dealing with Iguanas in the South Florida Landscape: ENY-714/IN528, 8/2004. EDIS, 2004(15).	Animalia	Plantae
	NCBI:txid8517	Iguana iguana							http://purl.obolibrary.org/obo/RO_0002470	eats		NCBI:txid59331	Orchis									ISO 3166-2:US-FL	Florida							https://journals.flvc.org/edis/article/download/113312/108489	Kern, W.H. (2004). Dealing with Iguanas in the South Florida Landscape: ENY-714/IN528, 8/2004. EDIS, 2004(15).	Animalia	Plantae
	NCBI:txid8517	Iguana iguana							http://purl.obolibrary.org/obo/RO_0002470	eats		NCBI:txid35939	Impatiens									ISO 3166-2:US-FL	Florida							https://journals.flvc.org/edis/article/download/113312/108490	Kern, W.H. (2004). Dealing with Iguanas in the South Florida Landscape: ENY-714/IN528, 8/2004. EDIS, 2004(15).	Animalia	Plantae
	NCBI:txid8517	Iguana iguana							http://purl.obolibrary.org/obo/RO_0002470	eats		NCBI:txid65947	Nasturtium									ISO 3166-2:US-FL	Florida							https://journals.flvc.org/edis/article/download/113312/108491	Kern, W.H. (2004). Dealing with Iguanas in the South Florida Landscape: ENY-714/IN528, 8/2004. EDIS, 2004(15).	Animalia	Plantae
	NCBI:txid8517	Iguana iguana							http://purl.obolibrary.org/obo/RO_0002470	eats		NCBI:txid3764	Rosa									ISO 3166-2:US-FL	Florida							https://journals.flvc.org/edis/article/download/113312/108492	Kern, W.H. (2004). Dealing with Iguanas in the South Florida Landscape: ENY-714/IN528, 8/2004. EDIS, 2004(15).	Animalia	Plantae
	NCBI:txid8517	Iguana iguana							http://purl.obolibrary.org/obo/RO_0002470	eats		NCBI:txid180222	Bauhinia × blakeana									ISO 3166-2:US-FL	Florida							https://journals.flvc.org/edis/article/download/113312/108493	Kern, W.H. (2004). Dealing with Iguanas in the South Florida Landscape: ENY-714/IN528, 8/2004. EDIS, 2004(15).	Animalia	Plantae
	NCBI:txid8517	Iguana iguana							http://purl.obolibrary.org/obo/RO_0002470	eats		NCBI:txid4741	Tradescantia									ISO 3166-2:US-FL	Florida							https://journals.flvc.org/edis/article/download/113312/108494	Kern, W.H. (2004). Dealing with Iguanas in the South Florida Landscape: ENY-714/IN528, 8/2004. EDIS, 2004(15).	Animalia	Plantae
	NCBI:txid8517	Iguana iguana							http://purl.obolibrary.org/obo/RO_0002470	eats		NCBI:txid3705	Brassica									ISO 3166-2:US-FL	Florida							https://journals.flvc.org/edis/article/download/113312/108495	Kern, W.H. (2004). Dealing with Iguanas in the South Florida Landscape: ENY-714/IN528, 8/2004. EDIS, 2004(15).	Animalia	Plantae
	NCBI:txid8517	Iguana iguana							http://purl.obolibrary.org/obo/RO_0002470	eats		NCBI:txid4235	Lactuca									ISO 3166-2:US-FL	Florida							https://journals.flvc.org/edis/article/download/113312/108496	Kern, W.H. (2004). Dealing with Iguanas in the South Florida Landscape: ENY-714/IN528, 8/2004. EDIS, 2004(15).	Animalia	Plantae
	NCBI:txid8517	Iguana iguana							http://purl.obolibrary.org/obo/RO_0002470	eats		NCBI:txid3618	Rumex									ISO 3166-2:US-FL	Florida							https://journals.flvc.org/edis/article/download/113312/108497	Kern, W.H. (2004). Dealing with Iguanas in the South Florida Landscape: ENY-714/IN528, 8/2004. EDIS, 2004(15).	Animalia	Plantae
	NCBI:txid8517	Iguana iguana							http://purl.obolibrary.org/obo/RO_0002470	eats		NCBI:txid3554	Beta									ISO 3166-2:US-FL	Florida							https://journals.flvc.org/edis/article/download/113312/108498	Kern, W.H. (2004). Dealing with Iguanas in the South Florida Landscape: ENY-714/IN528, 8/2004. EDIS, 2004(15).	Animalia	Plantae
	NCBI:txid9606	Homo sapiens							http://purl.obolibrary.org/obo/RO_0002470	eats		NCBI:txid8517	Iguana iguana									ISO 3166-2:US-FL	Florida							https://journals.flvc.org/edis/article/download/113312/108500	Kern, W.H. (2004). Dealing with Iguanas in the South Florida Landscape: ENY-714/IN528, 8/2004. EDIS, 2004(15).	Animalia	Animalia
	NCBI:txid349685	Corvus ossifragus							http://purl.obolibrary.org/obo/RO_0002470	eats		NCBI:txid8517	Iguana iguana	http://purl.obolibrary.org/obo/UBERON_0000068	egg							ISO 3166-2:US-FL	Florida							https://journals.flvc.org/edis/article/download/113312/108499	Kern, W.H. (2004). Dealing with Iguanas in the South Florida Landscape: ENY-714/IN528, 8/2004. EDIS, 2004(15).	Animalia	Animalia
	NCBI:txid9654	Procyon lotor							http://purl.obolibrary.org/obo/RO_0002470	eats		NCBI:txid8517	Iguana iguana	http://purl.obolibrary.org/obo/UBERON_0000068	egg							ISO 3166-2:US-FL	Florida							https://journals.flvc.org/edis/article/download/113312/108499	Kern, W.H. (2004). Dealing with Iguanas in the South Florida Landscape: ENY-714/IN528, 8/2004. EDIS, 2004(15).	Animalia	Animalia
	NCBI:txid2558200	Accipitriformes							http://purl.obolibrary.org/obo/RO_0002470	eats		NCBI:txid8517	Iguana iguana	http://purl.obolibrary.org/obo/UBERON_0000068	egg							ISO 3166-2:US-FL	Florida							https://journals.flvc.org/edis/article/download/113312/108499	Kern, W.H. (2004). Dealing with Iguanas in the South Florida Landscape: ENY-714/IN528, 8/2004. EDIS, 2004(15).	Animalia	Animalia
	NCBI:txid9823	Sus scrofa							http://purl.obolibrary.org/obo/RO_0002470	eats		NCBI:txid8517	Iguana iguana	http://purl.obolibrary.org/obo/UBERON_0000068	egg							ISO 3166-2:US-FL	Florida							https://journals.flvc.org/edis/article/download/113312/108499	Kern, W.H. (2004). Dealing with Iguanas in the South Florida Landscape: ENY-714/IN528, 8/2004. EDIS, 2004(15).	Animalia	Animalia
	NCBI:txid8517	Iguana iguana							http://purl.obolibrary.org/obo/RO_0002470	eats		NCBI:txid8782	Aves	http://purl.obolibrary.org/obo/UBERON_0000068	egg							ISO 3166-2:US-FL	Florida							https://journals.flvc.org/edis/article/download/113312/108497	Kern, W.H. (2004). Dealing with Iguanas in the South Florida Landscape: ENY-714/IN528, 8/2004. EDIS, 2004(15).	Animalia	Animalia
	NCBI:txid8517	Iguana iguana							http://purl.obolibrary.org/obo/RO_0002470	eats		NCBI:txid8782	Aves	http://purl.obolibrary.org/obo/UBERON_0007221	nestling							ISO 3166-2:US-FL	Florida							https://journals.flvc.org/edis/article/download/113312/108497	Kern, W.H. (2004). Dealing with Iguanas in the South Florida Landscape: ENY-714/IN528, 8/2004. EDIS, 2004(15).	Animalia	Animalia
	NCBI:txid8517	Iguana iguana							http://purl.obolibrary.org/obo/RO_0002470	eats		NCBI:txid8509	Squamata	http://purl.obolibrary.org/obo/UBERON_0034919	juvenile							ISO 3166-2:US-FL	Florida							https://journals.flvc.org/edis/article/download/113312/108498	Kern, W.H. (2004). Dealing with Iguanas in the South Florida Landscape: ENY-714/IN528, 8/2004. EDIS, 2004(15).	Animalia	Animalia
	NCBI:txid8517	Iguana iguana			http://purl.obolibrary.org/obo/UBERON_0034919	juvenile			http://purl.obolibrary.org/obo/RO_0002470	eats		NCBI:txid8517	Iguana iguana	http://purl.obolibrary.org/obo/UBERON_0001988	feces							ISO 3166-2:US-FL	Florida							https://journals.flvc.org/edis/article/download/113312/108499	Kern, W.H. (2004). Dealing with Iguanas in the South Florida Landscape: ENY-714/IN528, 8/2004. EDIS, 2004(15).	Animalia	Animalia
	NCBI:txid8517	Iguana iguana			http://purl.obolibrary.org/obo/UBERON_0034919	juvenile			http://purl.obolibrary.org/obo/RO_0002470	eats		NCBI:txid50557	Insecta									ISO 3166-2:US-FL	Florida							https://journals.flvc.org/edis/article/download/113312/108499	Kern, W.H. (2004). Dealing with Iguanas in the South Florida Landscape: ENY-714/IN528, 8/2004. EDIS, 2004(15).	Animalia	Animalia
	NCBI:txid118688	Cyclura lewisi							http://purl.obolibrary.org/obo/RO_0002470	eats		NCBI:txid34846	Dasyprocta punctata	http://purl.obolibrary.org/obo/UBERON_0001988	feces							ISO 3166-2:KY	Grand Cayman						10.18475/cjos.v43i1.a7	https://bioone.org/journals/caribbean-journal-of-science/volume-43/issue-1/cjos.v43i1.a7/Activity-Patterns-and-Foraging-Behavior-of-the-Endangered-Grand-Cayman/10.18475/cjos.v43i1.a7.short	Goodman, R. M. (2007). Activity patterns and foraging behavior of the endangered Grand Cayman blue iguana, Cyclura lewisi. Caribbean Journal of Science, 43(1), 73-86.	Animalia	Animalia
	NCBI:txid118688	Cyclura lewisi							http://purl.obolibrary.org/obo/RO_0002470	eats		NCBI:txid363766	Veronicella									ISO 3166-2:KY	Grand Cayman						10.18475/cjos.v43i1.a7	https://bioone.org/journals/caribbean-journal-of-science/volume-43/issue-1/cjos.v43i1.a7/Activity-Patterns-and-Foraging-Behavior-of-the-Endangered-Grand-Cayman/10.18475/cjos.v43i1.a7.short	Goodman, R. M. (2007). Activity patterns and foraging behavior of the endangered Grand Cayman blue iguana, Cyclura lewisi. Caribbean Journal of Science, 43(1), 73-86.	Animalia	Animalia
	NCBI:txid118688	Cyclura lewisi							http://purl.obolibrary.org/obo/RO_0002470	eats		NCBI:txid354548	Pseudosphinx tetrio	http://purl.obolibrary.org/obo/UBERON_0002548	larva							ISO 3166-2:KY	Grand Cayman					2001-09/2002-02	10.18475/cjos.v43i1.a7	https://bioone.org/journals/caribbean-journal-of-science/volume-43/issue-1/cjos.v43i1.a7/Activity-Patterns-and-Foraging-Behavior-of-the-Endangered-Grand-Cayman/10.18475/cjos.v43i1.a7.short	Goodman, R. M. (2007). Activity patterns and foraging behavior of the endangered Grand Cayman blue iguana, Cyclura lewisi. Caribbean Journal of Science, 43(1), 73-86.	Animalia	Animalia
	NCBI:txid48399	Crocodylus acutus							http://purl.obolibrary.org/obo/RO_0002439	preys on		NCBI:txid8517	Iguana iguana	http://purl.obolibrary.org/obo/UBERON_0007023	adult							ISO 3166-2:PA	Panama					1974/1976	10.2307/1563404	https://www.jstor.org/stable/1563404?seq=1#metadata_info_tab_contents	Greene, H. W., Burghardt, G. M., Dugan, B. A., & Rand, A. S. (1978). Predation and the Defensive Behavior of Green Iguanas (Reptilia, Lacertilia, Iguanidae). Journal of Herpetology, 12(2), 169–176.	Animalia	Animalia
	NCBI:txid161134	Basiliscus basiliscus							http://purl.obolibrary.org/obo/RO_0002470	eats		NCBI:txid8517	Iguana iguana									ISO 3166-2:PA	Panama					1974/1976	10.2307/1563404	https://www.jstor.org/stable/1563404?seq=1#metadata_info_tab_contents	Greene, H. W., Burghardt, G. M., Dugan, B. A., & Rand, A. S. (1978). Predation and the Defensive Behavior of Green Iguanas (Reptilia, Lacertilia, Iguanidae). Journal of Herpetology, 12(2), 169–176.	Animalia	Animalia
	NCBI:txid709348	Corallus hortulanus							http://purl.obolibrary.org/obo/RO_0002470	eats		NCBI:txid8517	Iguana iguana									ISO 3166-2:VC	Carriacou					1967-06/1967-08	10.2307/1563170	https://www.jstor.org/stable/1563170?casa_token=qGbs6EX7tbYAAAAA%3AwmBnGa0I9ETWtHJL00WjVMKX2Rx5IIF9tkhjqnwgjXbIhaMz5qxLfMaSb9jAMNMdTmFiP6i7GBPXIdTlv9LYaTyV07tb1qYJLABEs3TjYynSepL9efc&seq=1#metadata_info_tab_contents	Pendlebury, G. B. (1974). Stomach and Intestine Contents of Corallus enydris; A Comparison of Island and Mainland Specimens. Journal of Herpetology, 8(3), 241–244. 	Animalia	Animalia
	NCBI:txid51862	Oxybelis aeneus							http://purl.obolibrary.org/obo/RO_0002470	eats		NCBI:txid8517	Iguana iguana	http://purl.obolibrary.org/obo/UBERON_0034919	juvenile							ISO 3166-2:PA	Panama					1974/1976	10.2307/1563404	https://www.jstor.org/stable/1563404?seq=1#metadata_info_tab_contents	Greene, H. W., Burghardt, G. M., Dugan, B. A., & Rand, A. S. (1978). Predation and the Defensive Behavior of Green Iguanas (Reptilia, Lacertilia, Iguanidae). Journal of Herpetology, 12(2), 169–176.	Animalia	Animalia
	NCBI:txid43583	Sarcoramphus papa							http://purl.obolibrary.org/obo/RO_0002470	eats		NCBI:txid8517	Iguana iguana	http://purl.obolibrary.org/obo/UBERON_0007023	adult							ISO 3166-2:SR	Suriname					1973	10.1007/978-94-010-2706-9	https://books.google.co.uk/books?id=S63yCAAAQBAJ&printsec=frontcover&source=gbs_ge_summary_r&cad=0#v=onepage&q&f=false	Hoogmoed, M. S. (1973). Notes on the herpetofauna of Surinam IV: The lizards and amphisbaenians of Surinam (Vol. 4). Springer Science & Business Media.	Animalia	Animalia
	NCBI:txid223496	Heterospizias meridionalis							http://purl.obolibrary.org/obo/RO_0002439	preys on		NCBI:txid8517	Iguana iguana	http://purl.obolibrary.org/obo/UBERON_0034919	juvenile							ISO 3166-2:SR	Suriname					1962	10.2307/1365484	https://www.jstor.org/stable/1365484?seq=1#metadata_info_tab_contents	Haverschmidt, F. (1962). Notes on the Feeding Habits and Food of Some Hawks of Surinam. The Condor, 64(2), 154–158.	Animalia	Animalia
	NCBI:txid1094198	Caracara cheriway							http://purl.obolibrary.org/obo/RO_0002470	eats		NCBI:txid8517	Iguana iguana									ISO 3166-2:CR	Costa Rica					1975-01		https://sora.unm.edu/sites/default/files/journals/wilson/v088n04/p0667-p0667.pdf	Richmond, A. R. (1976). Feeding of nestlings by the caracara in Costa Rica. La alimentación de los polluelos por el caracara cargahuesos en Costa Rica. The Wilson Bulletin., 88(4), 667.	Animalia	Animalia
	NCBI:txid387842	Harpagus bidentatus							http://purl.obolibrary.org/obo/RO_0002439	preys on		NCBI:txid8517	Iguana iguana	http://purl.obolibrary.org/obo/UBERON_0034919	juvenile							ISO 3166-2:PA	Panama					1974/1976	10.2307/1563404	https://www.jstor.org/stable/1563404?seq=1#metadata_info_tab_contents	Greene, H. W., Burghardt, G. M., Dugan, B. A., & Rand, A. S. (1978). Predation and the Defensive Behavior of Green Iguanas (Reptilia, Lacertilia, Iguanidae). Journal of Herpetology, 12(2), 169–176.	Animalia	Animalia
	NCBI:txid56262	Pandion haliaetus							http://purl.obolibrary.org/obo/RO_0002439	preys on		NCBI:txid8517	Iguana iguana									ISO 3166-2:PA	Panama					1974/1976	10.2307/1563404	https://www.jstor.org/stable/1563404?seq=1#metadata_info_tab_contents	Greene, H. W., Burghardt, G. M., Dugan, B. A., & Rand, A. S. (1978). Predation and the Defensive Behavior of Green Iguanas (Reptilia, Lacertilia, Iguanidae). Journal of Herpetology, 12(2), 169–176.	Animalia	Animalia
	NCBI:txid322582	Ramphastos sulfuratus							http://purl.obolibrary.org/obo/RO_0002437	interacts with		NCBI:txid8517	Iguana iguana	http://purl.obolibrary.org/obo/UBERON_0034919	juvenile							ISO 3166-2:PA	Panama					1974/1976	10.2307/1563404	https://www.jstor.org/stable/1563404?seq=1#metadata_info_tab_contents	Greene, H. W., Burghardt, G. M., Dugan, B. A., & Rand, A. S. (1978). Predation and the Defensive Behavior of Green Iguanas (Reptilia, Lacertilia, Iguanidae). Journal of Herpetology, 12(2), 169–176.	Animalia	Animalia
	NCBI:txid48617	Crotophaga major							http://purl.obolibrary.org/obo/RO_0002470	eats		NCBI:txid8517	Iguana iguana									ISO 3166-2:PA	Panama					1974/1976	10.2307/1563404	https://www.jstor.org/stable/1563404?seq=1#metadata_info_tab_contents	Greene, H. W., Burghardt, G. M., Dugan, B. A., & Rand, A. S. (1978). Predation and the Defensive Behavior of Green Iguanas (Reptilia, Lacertilia, Iguanidae). Journal of Herpetology, 12(2), 169–176.	Animalia	Animalia
	NCBI:txid488310	Megaceryle torquata							http://purl.obolibrary.org/obo/RO_0002437	interacts with		NCBI:txid8517	Iguana iguana									ISO 3166-2:PA	Panama					1974/1976	10.2307/1563404	https://www.jstor.org/stable/1563404?seq=1#metadata_info_tab_contents	Greene, H. W., Burghardt, G. M., Dugan, B. A., & Rand, A. S. (1978). Predation and the Defensive Behavior of Green Iguanas (Reptilia, Lacertilia, Iguanidae). Journal of Herpetology, 12(2), 169–176.	Animalia	Animalia
	NCBI:txid352831	Nasua narica							http://purl.obolibrary.org/obo/RO_0002439	preys on		NCBI:txid8517	Iguana iguana	http://purl.obolibrary.org/obo/UBERON_0007023	adult							ISO 3166-2:PA	Panama						10.2307/1563404	https://www.jstor.org/stable/1563404?seq=1#metadata_info_tab_contents	Greene, H. W., Burghardt, G. M., Dugan, B. A., & Rand, A. S. (1978). Predation and the Defensive Behavior of Green Iguanas (Reptilia, Lacertilia, Iguanidae). Journal of Herpetology, 12(2), 169–176.	Animalia	Animalia
	NCBI:txid204263	Eira barbara							http://purl.obolibrary.org/obo/RO_0002437	interacts with		NCBI:txid8517	Iguana iguana	http://purl.obolibrary.org/obo/UBERON_0007023	adult							ISO 3166-2:PA	Panama						10.2307/1379450	https://academic.oup.com/jmammal/article-abstract/57/4/760/864684	Bennett G. Galef, Jr., Russell A. Mittermeier, Robert C. Bailey, Predation by the Tayra (Eira barbara), Journal of Mammalogy, Volume 57, Issue 4, 10 December 1976, Pages 760–761,	Animalia	Animalia
	NCBI:txid352831	Nasua narica							http://purl.obolibrary.org/obo/RO_0002470	eats		NCBI:txid8517	Iguana iguana	http://purl.obolibrary.org/obo/UBERON_0000068	egg							ISO 3166-2:PA	Panama						10.1093/beheco/7.3.254	https://academic.oup.com/beheco/article/7/3/254/178913?login=true	Gompper, M. E. (1996). Sociality and asociality in white-nosed coatis (Nasua narica): foraging costs and benefits. Behavioral ecology, 7(3), 254-263.	Animalia	Animalia
	NCBI:txid8517	Iguana Iguana								hybridises with		NCBI:txid51191	Iguana delicatissima									ISO 3166-2:BQ	St Eustatius, Caraibe Islands							https://www.dcbd.nl/sites/default/files/documents/vanderMeer%282017%29_hybridCrossingIguana%28studentReport%29.pdf	van der Meer, Y. (2017). Habitat preference of Iguana delicatissima and the hybrid crossing with Iguana iguana.	Animalia	Animalia
	NCBI:txid8517	Iguana iguana								hybridises with		NCBI:txid118687	Cyclura nubila caymanensis									ISO 3166-2:KY	Cayman Brac and Little Cayman							https://link.springer.com/article/10.1007/s10530-017-1602-2	Moss, J. B., Welch, M. E., Burton, F. J., Vallee, M. V., Houlcroft, E. W., Laaser, T., & Gerber, G. P. (2018). First evidence for crossbreeding between invasive Iguana iguana and the native rock iguana (Genus Cyclura) on Little Cayman Island. Biological Invasions, 20(4), 817-823.	Animalia	Animalia
